{"Logistic Regression": {"Accuracy": 90.75, "Precision": 98.47, "Recall": 82.78, "F1 Score": 89.94}, "Decision Tree": {"Accuracy": 91.25999999999999, "Precision": 97.07000000000001, "Recall": 85.09, "F1 Score": 90.68}, "Random Forest": {"Accuracy": 91.64999999999999, "Precision": 98.21, "Recall": 84.83000000000001, "F1 Score": 91.03}, "Naive Bayes": {"Accuracy": 78.02, "Precision": 69.75, "Recall": 98.97, "F1 Score": 81.83}, "KNN": {"Accuracy": 53.21, "Precision": 51.66, "Recall": 99.74, "F1 Score": 68.07}, "Linear SVM": {"Accuracy": 83.8, "Precision": 98.88, "Recall": 68.38, "F1 Score": 80.85}, "Kernel SVM": {"Accuracy": 88.69, "Precision": 99.02, "Recall": 78.14999999999999, "F1 Score": 87.36}, "SGD": {"Accuracy": 93.7, "Precision": 98.02, "Recall": 89.2, "F1 Score": 93.41000000000001}, "XGB": {"Accuracy": 89.46, "Precision": 97.82, "Recall": 80.72, "F1 Score": 88.44999999999999}, "GBDT": {"Accuracy": 85.6, "Precision": 97.92, "Recall": 72.75, "F1 Score": 83.48}, "ETC": {"Accuracy": 92.54, "Precision": 98.53, "Recall": 86.38, "F1 Score": 92.05}, "BC": {"Accuracy": 91.25999999999999, "Precision": 95.99, "Recall": 86.11999999999999, "F1 Score": 90.79}, "ABC": {"Accuracy": 89.33, "Precision": 96.36, "Recall": 81.75, "F1 Score": 88.46000000000001}}