{"Logistic Regression": {"Accuracy": 89.85, "Precision": 88.94, "Recall": 91.0, "F1 Score": 89.96}, "Decision Tree": {"Accuracy": 88.42999999999999, "Precision": 88.83, "Recall": 87.92, "F1 Score": 88.37}, "Random Forest": {"Accuracy": 93.06, "Precision": 94.67, "Recall": 91.25999999999999, "F1 Score": 92.93}, "Naive Bayes": {"Accuracy": 88.69, "Precision": 82.50999999999999, "Recall": 98.2, "F1 Score": 89.67}, "KNN": {"Accuracy": 55.010000000000005, "Precision": 52.65, "Recall": 99.74, "F1 Score": 68.92}, "Linear SVM": {"Accuracy": 87.02, "Precision": 88.92, "Recall": 84.58, "F1 Score": 86.69}, "Kernel SVM": {"Accuracy": 89.46, "Precision": 89.05999999999999, "Recall": 89.97, "F1 Score": 89.51}, "SGD": {"Accuracy": 92.80000000000001, "Precision": 90.12, "Recall": 96.14, "F1 Score": 93.03}, "XGB": {"Accuracy": 87.79, "Precision": 92.0, "Recall": 82.78, "F1 Score": 87.14}, "GBDT": {"Accuracy": 80.97999999999999, "Precision": 88.75, "Recall": 70.95, "F1 Score": 78.86}, "ETC": {"Accuracy": 94.86, "Precision": 94.39999999999999, "Recall": 95.37, "F1 Score": 94.88}, "BC": {"Accuracy": 90.62, "Precision": 90.51, "Recall": 90.75, "F1 Score": 90.63}, "ABC": {"Accuracy": 80.46, "Precision": 84.75, "Recall": 74.29, "F1 Score": 79.17999999999999}}