{"Logistic Regression": {"Accuracy": 88.94999999999999, "Precision": 98.71, "Recall": 78.92, "F1 Score": 87.71}, "Decision Tree": {"Accuracy": 91.64999999999999, "Precision": 98.5, "Recall": 84.58, "F1 Score": 91.01}, "Random Forest": {"Accuracy": 91.25999999999999, "Precision": 98.49, "Recall": 83.8, "F1 Score": 90.56}, "Naive Bayes": {"Accuracy": 63.11, "Precision": 57.54, "Recall": 100.0, "F1 Score": 73.05}, "KNN": {"Accuracy": 52.190000000000005, "Precision": 51.12, "Recall": 99.49, "F1 Score": 67.54}, "Linear SVM": {"Accuracy": 83.8, "Precision": 99.25, "Recall": 68.12, "F1 Score": 80.78999999999999}, "Kernel SVM": {"Accuracy": 86.76, "Precision": 98.64, "Recall": 74.55000000000001, "F1 Score": 84.92}, "SGD": {"Accuracy": 92.42, "Precision": 98.25, "Recall": 86.38, "F1 Score": 91.93}, "XGB": {"Accuracy": 88.42999999999999, "Precision": 100.0, "Recall": 76.86, "F1 Score": 86.92}, "GBDT": {"Accuracy": 86.89, "Precision": 100.0, "Recall": 73.78, "F1 Score": 84.91}, "ETC": {"Accuracy": 92.03, "Precision": 98.52, "Recall": 85.35000000000001, "F1 Score": 91.46}, "BC": {"Accuracy": 91.52, "Precision": 98.79, "Recall": 84.06, "F1 Score": 90.83}, "ABC": {"Accuracy": 90.23, "Precision": 99.37, "Recall": 80.97999999999999, "F1 Score": 89.24}}